id,nama,nama_berkas_audio,naskah
"pembuka","Pembuka","pembuka.mp3","Halo, petualang kecil! Selamat datang di Kebun Buah Rinoya. Di sini, kita akan berkenalan dengan buah-buahan yang beragam. Ada yang bulat, ada yang panjang, ada yang bermahkota, dan ada juga yang berambut! Pilih satu buah, lalu putar modelnya dengan jarimu. Perhatikan bentuk dan warnanya. Kamu juga bisa mendengarkan ceritanya. Siap memulai petualangan? Yuk, pilih buah pertamamu!"
"pisang","Pisang","pisang.mp3","Halo, teman kecil! Ada buah melengkung seperti senyuman. Coba tebak… iya, pisang! Pisang tumbuh berkelompok dalam satu tandan. Bentuknya panjang dan melengkung. Daging buahnya berwarna putih kekuningan. Rasanya manis saat matang. Pada pisang yang biasa dimakan, bijinya sangat kecil. Sekelompok pisang dalam tandan disebut sisir. Sekarang, putar pisangnya pelan-pelan. Bisa ikuti bentuk lengkungnya dengan jarimu di udara?"
"mangga","Mangga","mangga.mp3","Ssst… ada aroma harum dari kebun. Wah, kita bertemu mangga! Mangga beraroma harum saat matang. Bentuk dan warnanya beragam, bergantung pada jenisnya. Daging buahnya berwarna kuning hingga jingga. Rasanya manis atau asam. Satu biji besar dan pipih di tengah. Mangga memiliki banyak varietas, misalnya arumanis dan gedong. Coba putar mangganya. Bentuknya bulat sempurna atau sedikit memanjang?"
"jeruk","Jeruk","jeruk.mp3","Bulat, cerah, dan punya kejutan di balik kulitnya. Halo, jeruk! Jeruk memiliki kulit berpori dan daging buah yang terbagi menjadi beberapa siung. Daging buahnya berwarna kuning hingga jingga. Rasanya manis dan sedikit asam. Biji kecil dapat ditemukan di dalam siungnya. Setiap siung jeruk berisi kantong-kantong sari buah. Perbesar jeruknya, yuk. Lihat bintik-bintik kecil di kulitnya. Seperti apa menurutmu?"
"apel","Apel","apel.mp3","Kres, kres! Bayangkan bunyi menggigit buah yang renyah. Ini dia, apel! Apel berbentuk membulat dengan lekukan di bagian tangkainya. Daging buahnya terasa renyah. Daging buahnya berwarna putih kekuningan. Rasanya manis hingga asam. Biji cokelat tersimpan di bagian tengah. Apel merah dan apel hijau adalah contoh variasi warna apel. Yuk, putar apelnya. Temukan lekukan kecil tempat tangkainya berada!"
"semangka","Semangka","semangka.mp3","Wah, buah besar bergaris datang berkunjung. Selamat datang, semangka! Semangka memiliki kulit tebal dan daging buah yang berair. Ukurannya dapat cukup besar. Daging buahnya berwarna merah atau kuning. Rasanya manis. Biji dapat berwarna hitam, cokelat, atau putih. Ada semangka berdaging merah dan ada yang berdaging kuning. Putar semangkanya. Coba ikuti satu garis di kulitnya dari ujung ke ujung. Seru, ya!"
"melon","Melon","melon.mp3","Ada bola buah di kebun kita! Kenalan, yuk, dengan melon. Melon berbentuk bulat atau lonjong. Sebagian jenisnya memiliki pola seperti jaring pada kulit. Daging buahnya berwarna hijau muda, putih, atau jingga. Rasanya manis saat matang. Banyak biji berkumpul di rongga tengah. Tidak semua melon memiliki kulit berjaring. Perbesar melonnya. Pola di kulit model ini mengingatkanmu pada jaring atau garis?"
"pepaya","Pepaya","pepaya.mp3","Petualang buah, siap menemukan kejutan? Hari ini kita bertemu pepaya! Pepaya memiliki bentuk lonjong. Saat dibelah, terlihat rongga dengan banyak biji kecil. Daging buahnya berwarna jingga hingga kemerahan. Rasanya manis saat matang. Banyak biji bulat berwarna hitam. Biji pepaya menempel di dinding rongga bagian dalam. Coba putar pepayanya. Mana yang lebih panjang, tinggi buahnya atau lebarnya?"
"nanas","Nanas","nanas.mp3","Taraaa! Ada buah memakai mahkota daun. Kenalkan, ini nanas! Nanas mudah dikenali dari kulit berpola dan mahkota daun di atasnya. Daging buahnya berwarna kuning. Rasanya manis dan asam. Biji biasanya tidak terlihat pada nanas yang dijual. Nanas terbentuk dari kumpulan bunga yang menyatu menjadi satu buah. Putar nanasnya perlahan. Cari mahkotanya, lalu perhatikan pola kulit di bawahnya!"
"anggur","Anggur","anggur.mp3","Satu, dua, tiga… wah, buah-buah kecil berkumpul bersama! Ini anggur. Anggur tumbuh berkelompok dalam satu rangkaian. Buahnya kecil dan berkulit tipis. Daging buahnya berwarna bening kehijauan. Rasanya manis hingga asam. Ada anggur berbiji dan ada yang tanpa biji. Anggur yang dikeringkan disebut kismis. Putar gerombol anggurnya. Pilih tiga buah yang bisa kamu lihat. Sudah ketemu?"
"stroberi","Stroberi","stroberi.mp3","Halo, si merah berbintik! Hari ini kita berkenalan dengan stroberi. Stroberi berwarna merah saat matang dan permukaannya dipenuhi bintik-bintik kecil. Daging buahnya berwarna merah dan putih. Rasanya manis dan asam. Bintik kecil di permukaan menyimpan bijinya. Stroberi memiliki kelopak daun hijau di bagian atas. Perbesar stroberinya. Cari bintik kecil dan kelopak hijau di bagian atas. Ketemu keduanya?"
"alpukat","Alpukat","alpukat.mp3","Hijau di luar, lembut di dalam. Siapa, ya? Ini alpukat! Alpukat memiliki daging buah yang lembut. Bentuknya bisa membulat atau menyerupai buah pir. Daging buahnya berwarna kuning kehijauan. Rasanya gurih dan lembut. Satu biji besar dan bulat. Daging alpukat di dekat kulit biasanya lebih hijau. Coba putar alpukatnya. Perhatikan bagian yang lebar dan bagian yang lebih ramping!"
"kelapa","Kelapa","kelapa.mp3","Bayangkan angin berembus di dekat pohon tinggi. Di sana ada kelapa! Kelapa memiliki lapisan sabut dan tempurung keras. Di dalamnya terdapat air serta daging buah. Daging buahnya berwarna putih. Rasanya airnya ringan dan agak manis. Buah kelapa memiliki satu biji besar. Sabut berada di luar tempurung kelapa. Putar kelapanya dari segala arah. Bentuknya bulat sempurna atau sedikit memanjang?"
"durian","Durian","durian.mp3","Wah, buah ini punya baju berduri! Kita kenalan dengan durian, yuk. Durian memiliki kulit berduri tajam dan aroma yang kuat. Daging buahnya berada dalam beberapa ruang. Daging buahnya berwarna kuning pucat atau krem. Rasanya manis dan kaya rasa. Biji besar berada di dalam daging buah. Minta bantuan orang dewasa untuk membuka kulit durian. Putar model duriannya di layar. Lihat durinya dari dekat! Untuk buah sungguhan, biarkan orang dewasa yang membukanya, ya."
"rambutan","Rambutan","rambutan.mp3","Hihi, buah ini seperti punya rambut! Kenalkan, namanya rambutan. Rambutan memiliki kulit dengan rambut-rambut lentur. Di balik kulitnya terdapat daging buah berair. Daging buahnya berwarna putih bening. Rasanya manis, kadang sedikit asam. Satu biji di tengah. Namanya mengingatkan kita pada rambut di kulit buahnya. Perbesar rambut-rambut di kulitnya. Lalu putar rambutan ini. Rambutnya ada di satu sisi atau di sekeliling buah?"
"manggis","Manggis","manggis.mp3","Ada si ungu dengan topi hijau! Yuk, kenalan dengan manggis. Manggis memiliki kulit tebal berwarna ungu gelap. Daging buahnya tersusun menjadi beberapa bagian putih. Daging buahnya berwarna putih. Rasanya manis dan sedikit asam. Sebagian bagian dagingnya mengandung biji. Bagian hijau di atas manggis adalah kelopak yang tetap menempel. Putar manggisnya pelan-pelan. Cari kelopak hijau yang menempel di bagian atas!"
"salak","Salak","salak.mp3","Coba lihat! Buah ini memakai baju bersisik. Namanya salak. Salak memiliki kulit bersisik dan ujung meruncing. Dagingnya terbagi menjadi beberapa bagian. Daging buahnya berwarna putih krem hingga kekuningan. Rasanya manis, asam, atau sedikit sepat. Biji keras berwarna cokelat gelap. Pola kulit salak sering dibandingkan dengan sisik ular. Perbesar salaknya. Temukan pola sisiknya, lalu cari ujung buah yang meruncing!"
"duku","Duku","duku.mp3","Hai, petualang buah! Ada buah kecil berkulit kuning kecokelatan. Ini duku. Duku kecil dan membulat. Kulitnya dikupas untuk menemukan daging buah yang terbagi dalam beberapa bagian. Daging buahnya berwarna putih bening. Rasanya manis saat matang. Sebagian bagian buah berisi biji. Duku dan langsat berkerabat dekat, tetapi penampilannya tidak persis sama. Putar dukunya. Coba bayangkan buah kecil ini di telapak tanganmu. Bentuk apa yang kamu lihat?"
"lengkeng","Lengkeng","lengkeng.mp3","Tok, tok! Di balik kulit kecil ini ada kejutan. Kenalkan, lengkeng! Lengkeng berbentuk bulat kecil dengan kulit tipis yang agak kaku. Daging buahnya berwarna putih bening. Rasanya manis. Satu biji bulat mengilap berwarna gelap. Lengkeng juga sering disebut kelengkeng. Putar lengkengnya. Coba sebutkan warna kulit yang terlihat pada model ini!"
"jambu-biji","Jambu Biji","jambu-biji.mp3","Namanya memberi petunjuk tentang isinya. Ini dia, jambu biji! Jambu biji berbentuk bulat atau agak lonjong. Daging buahnya bisa putih atau merah muda. Daging buahnya berwarna putih atau merah muda. Rasanya manis hingga asam. Biji-biji kecil terkumpul di bagian tengah. Ada jenis jambu biji dengan jumlah biji yang lebih sedikit. Putar jambu bijinya. Perhatikan bentuk dan kulitnya. Pernah melihat jambu yang bagian dalamnya merah muda?"
"jambu-air","Jambu Air","jambu-air.mp3","Ding, dong! Bentuk buah ini mengingatkan kita pada lonceng. Halo, jambu air! Jambu air memiliki bentuk menyerupai lonceng. Daging buahnya renyah dan berair. Daging buahnya berwarna putih atau kemerahan. Rasanya segar, sedikit manis. Dapat memiliki biji di rongga tengah. Bagian bawah jambu air lebih lebar daripada bagian tangkainya. Putar jambu airnya. Coba tunjuk bagian yang lebih lebar. Di atas atau di bawah?"
"belimbing","Belimbing","belimbing.mp3","Bintang dari kebun? Wah, menarik! Yuk, kenalan dengan belimbing. Belimbing memiliki rusuk memanjang yang membuat bentuknya khas. Daging buahnya berwarna kuning bening. Rasanya manis dan asam. Biji pipih berada di bagian tengah. Irisan melintang belimbing tampak seperti bintang. Putar belimbing dari ujungnya. Perhatikan rusuk di sekelilingnya. Mirip bintang, ya!"
"sawo","Sawo","sawo.mp3","Kulitnya cokelat, rasanya manis saat matang. Kenalkan, sawo! Sawo berkulit cokelat dengan daging buah yang lembut saat matang. Daging buahnya berwarna cokelat muda. Rasanya manis saat matang. Biji mengilap berwarna cokelat gelap atau hitam. Sawo matang memiliki tekstur halus yang sedikit berbutir. Putar sawonya pelan-pelan. Coba sebutkan benda lain yang juga berwarna cokelat!"
"sirsak","Sirsak","sirsak.mp3","Petualang buah, lihat si hijau yang unik ini! Namanya sirsak. Sirsak berbentuk tidak selalu simetris. Kulitnya hijau dengan tonjolan seperti duri yang pendek. Daging buahnya berwarna putih. Rasanya manis dan asam. Banyak biji berwarna gelap. Daging sirsak tersusun dalam serat-serat yang lembut. Perbesar sirsaknya. Temukan tonjolan pendek di kulitnya. Lalu lihat bentuknya dari samping!"
"nangka","Nangka","nangka.mp3","Wah, ada buah yang bisa tumbuh besar sekali! Kita berkenalan dengan nangka. Nangka dapat tumbuh sangat besar. Di dalam kulitnya terdapat banyak bagian daging buah. Daging buahnya berwarna kuning saat matang. Rasanya manis saat matang. Setiap bagian daging biasanya membungkus satu biji. Buah nangka dapat tumbuh pada batang dan cabang yang besar. Putar nangkanya. Perhatikan kulitnya yang penuh tonjolan kecil. Banyak sekali, ya!"
"buah-naga","Buah Naga","buah-naga.mp3","Namanya naga, tetapi ini buah, lho! Yuk, temui buah naga. Buah naga memiliki kulit cerah dengan sisik seperti daun. Daging buahnya penuh bintik biji kecil. Daging buahnya berwarna putih atau merah keunguan. Rasanya manis ringan. Banyak biji hitam yang sangat kecil. Buah naga tumbuh pada tanaman kaktus. Putar buah naganya. Cari sisik seperti daun yang mencuat dari kulitnya. Warnanya apa?"
"markisa","Markisa","markisa.mp3","Ada buah dengan banyak biji berbalut sari buah. Halo, markisa! Markisa memiliki kulit yang cukup keras. Isinya berupa biji yang terbungkus sari buah. Daging buahnya berwarna kuning jingga di sekitar biji. Rasanya asam hingga manis. Banyak biji hitam terbungkus lapisan berair. Kulit beberapa jenis markisa menjadi berkerut saat matang. Putar markisanya. Lihat warna kulit model ini. Ada juga markisa berkulit kuning, lho!"
"srikaya","Srikaya","srikaya.mp3","Wah, kulitnya seperti tersusun dari kepingan kecil! Ini srikaya. Srikaya memiliki kulit dengan bagian-bagian menonjol seperti sisik besar. Daging buahnya berwarna putih krem. Rasanya manis. Biji gelap berada di antara daging buah. Bagian kulit srikaya tampak seperti tersusun dari banyak kepingan. Perbesar srikayanya. Amati kepingan di kulitnya, lalu putar untuk melihat sisi yang lain!"
"kedondong","Kedondong","kedondong.mp3","Siapa yang pernah melihat buah dalam rujak? Salah satunya adalah kedondong! Kedondong berbentuk lonjong. Daging buahnya renyah dengan biji berserat di dalamnya. Daging buahnya berwarna putih kekuningan. Rasanya asam, kadang manis saat matang. Satu biji besar dengan serat-serat. Kedondong sering dijumpai sebagai salah satu buah dalam rujak. Putar kedondongnya. Bentuknya mengingatkanmu pada bola atau telur?"
"jeruk-bali","Jeruk Bali","jeruk-bali.mp3","Ada anggota keluarga jeruk yang besar! Kenalan dengan jeruk bali, yuk. Jeruk bali adalah jenis jeruk berukuran besar dengan kulit yang tebal. Daging buahnya berwarna putih atau merah muda. Rasanya manis, asam, kadang sedikit pahit. Biji dapat ditemukan di dalam siung. Lapisan putih di bawah kulitnya jauh lebih tebal daripada jeruk kecil. Putar jeruk balinya. Bayangkan kulit tebal yang melindungi siung-siung di dalamnya!"
"jeruk-nipis","Jeruk Nipis","jeruk-nipis.mp3","Kecil-kecil punya aroma khas! Kita bertemu jeruk nipis hari ini. Jeruk nipis berbentuk kecil membulat. Kulit dan air buahnya memiliki aroma yang khas. Daging buahnya berwarna kuning kehijauan. Rasanya asam. Biji kecil di dalam siung. Jeruk nipis sering digunakan untuk memberi rasa pada makanan dan minuman. Perbesar jeruk nipisnya. Cari pori kecil di kulitnya, lalu sebutkan warna yang kamu lihat!"
"lemon","Lemon","lemon.mp3","Halo, si kuning cerah! Buah yang satu ini bernama lemon. Lemon memiliki bentuk lonjong dengan ujung sedikit menonjol. Daging buahnya berwarna kuning pucat. Rasanya asam. Biji kecil di dalam siung. Aroma lemon juga terdapat pada bagian kulitnya. Putar lemonnya. Coba perhatikan kedua ujungnya. Bentuknya sama dengan bola?"
"pir","Pir","pir.mp3","Buah ini punya banyak bentuk. Ada yang membulat, ada yang berleher ramping. Ini pir! Pir memiliki banyak bentuk, dari membulat sampai berleher ramping. Daging buahnya berwarna putih krem. Rasanya manis. Biji kecil berwarna cokelat di tengah. Sebagian pir renyah, sementara jenis lain lebih lembut saat matang. Putar pir pada layar. Cari bagian yang ramping dan bagian yang lebih lebar!"
"kiwi","Kiwi","kiwi.mp3","Di luar cokelat, di dalam penuh warna. Ada kejutan dari buah kiwi! Kiwi berkulit cokelat, biasanya dengan rambut halus. Bagian dalamnya berwarna cerah. Daging buahnya berwarna hijau atau kuning. Rasanya manis dan asam. Biji kecil hitam mengelilingi bagian tengah. Daging kiwi tampak berpola memancar dari pusat buah. Putar kiwinya. Bayangkan pola biji kecil yang mengelilingi bagian tengah saat buah ini dibelah!"
"kurma","Kurma","kurma.mp3","Halo, si kecil lonjong! Hari ini kita berkenalan dengan kurma. Kurma memiliki bentuk lonjong. Kurma yang matang atau dikeringkan dapat terasa lembut dan lengket. Daging buahnya berwarna cokelat kekuningan. Rasanya manis. Satu biji memanjang di tengah. Kurma tumbuh pada pohon palem kurma. Perbesar kurmanya. Cari kerutan pada kulitnya, lalu lihat bentuknya dari samping!"
"delima","Delima","delima.mp3","Buah ini menyimpan banyak butiran berair. Wah, kenalkan delima! Delima memiliki kulit tebal dan bagian atas seperti mahkota kecil. Daging buahnya berwarna butiran bening hingga merah. Rasanya manis dan asam. Setiap butiran berair membungkus biji. Di dalam delima ada sekat-sekat putih yang memisahkan kelompok bijinya. Putar delimanya. Bisa temukan bagian atas yang menyerupai mahkota kecil?"
"kesemek","Kesemek","kesemek.mp3","Warna jingga dan kelopak lebar, buah apakah ini? Kenalkan, kesemek! Kesemek tampak membulat dan agak pipih. Kelopak besar tetap melekat di atasnya. Daging buahnya berwarna kuning jingga. Rasanya manis saat siap dimakan; dapat sepat jika belum siap. Sebagian buah memiliki biji, sebagian tidak. Lapisan putih pada sebagian kesemek di pasar berasal dari pengolahan, bukan warna kulit aslinya. Putar kesemeknya. Cari kelopak di atasnya, lalu amati bentuk buah yang agak pipih!"
"leci","Leci","leci.mp3","Ada buah kecil berkulit merah muda. Yuk, menyapa leci! Leci berukuran kecil dengan kulit kasar. Daging buahnya putih bening setelah kulit dikupas. Daging buahnya berwarna putih bening. Rasanya manis. Satu biji cokelat di tengah. Leci, lengkeng, dan rambutan termasuk keluarga tumbuhan yang sama. Perbesar lecinya. Kulitnya terlihat licin atau penuh tonjolan kecil?"
"plum","Plum","plum.mp3","Halo, buah berkulit halus! Mari berkenalan dengan plum. Plum memiliki kulit halus dan daging buah yang berair. Warnanya beragam. Daging buahnya berwarna kuning, merah, atau jingga. Rasanya manis dan asam. Satu biji keras di tengah. Lapisan tipis seperti bedak pada kulit beberapa plum merupakan lapisan lilin alami. Putar plumnya. Sebutkan warna pada model ini. Plum juga bisa punya warna lain, lho!"
"persik","Persik","persik.mp3","Bayangkan kulit buah dengan rambut yang sangat halus. Ini persik! Persik berbentuk membulat dengan satu alur di permukaannya. Kulitnya memiliki rambut sangat halus. Daging buahnya berwarna kuning atau putih. Rasanya manis dan sedikit asam. Satu biji keras berlekuk di tengah. Rambut halus membedakan kulit persik dari nektarin yang licin. Putar persiknya perlahan. Cari alur di salah satu sisi buah. Sudah terlihat?"
"cempedak","Cempedak","cempedak.mp3","Mirip nangka, tetapi punya nama sendiri. Kenalkan, cempedak! Cempedak berkerabat dengan nangka. Bentuknya memanjang dan aromanya kuat saat matang. Daging buahnya berwarna kuning sampai jingga. Rasanya manis. Satu biji pada setiap bagian daging buah. Daging cempedak matang biasanya lebih lembut daripada daging nangka. Putar cempedaknya. Perhatikan bentuknya yang memanjang dan pola pada kulitnya!"
"langsat","Langsat","langsat.mp3","Ada buah kecil yang sering berkumpul dalam satu rangkaian. Halo, langsat! Langsat memiliki kulit tipis dan sering tumbuh dalam rangkaian yang rapat. Daging buahnya berwarna putih bening. Rasanya manis dan asam. Biji berada pada beberapa bagian daging buah. Langsat biasanya lebih lonjong daripada duku. Putar langsatnya. Amati bentuk lonjongnya. Masih ingat buah duku yang lebih membulat?"
"matoa","Matoa","matoa.mp3","Petualangan membawa kita mengenal buah khas Papua. Ini dia, matoa! Matoa memiliki kulit agak keras dengan daging buah bening yang menyelimuti biji. Daging buahnya berwarna putih bening. Rasanya manis. Satu biji besar di tengah. Matoa dikenal sebagai salah satu buah khas Papua. Putar matoanya. Coba sebutkan warna kulit model ini. Matoa dapat punya warna lain juga, lho!"
"blewah","Blewah","blewah.mp3","Ada buah harum yang sering masuk ke minuman segar. Namanya blewah! Blewah berkerabat dengan melon. Kulitnya sering memiliki alur memanjang. Daging buahnya berwarna jingga pucat. Rasanya manis ringan dan harum. Banyak biji di rongga tengah. Daging blewah sering diserut untuk campuran minuman. Putar blewahnya. Ikuti alur di kulit buah dengan matamu, dari atas sampai bawah!"
"terong-belanda","Terong Belanda","terong-belanda.mp3","Bentuknya seperti telur, warnanya cerah. Yuk, temui terong belanda! Terong belanda memiliki bentuk seperti telur. Daging dan bijinya berada di balik kulit yang halus. Daging buahnya berwarna jingga kemerahan. Rasanya asam dan sedikit manis. Biji-biji kecil di dalam daging berair. Buah ini juga dikenal dengan nama tamarillo. Putar terong belandanya. Perhatikan ujung dan bagian tengahnya. Mana yang lebih lebar?"
"ceri","Ceri","ceri.mp3","Dua buah kecil dengan tangkai panjang. Halo, ceri! Ceri berukuran kecil, membulat, dan sering memiliki tangkai yang panjang. Daging buahnya berwarna merah atau kekuningan. Rasanya manis atau asam. Satu biji keras di tengah. Tangkai ceri jauh lebih panjang daripada ukuran buahnya. Putar cerinya. Ikuti tangkai dari buah sampai ke ujung. Panjang sekali dibandingkan buahnya, ya!"
"cermai","Cermai","cermai.mp3","Kecil, beralur, dan rasanya asam. Kenalkan, cermai! Cermai berbentuk kecil dan beralur. Buahnya sering tumbuh bergerombol di cabang. Daging buahnya berwarna kuning pucat. Rasanya asam. Biji berada di bagian tengah yang keras. Cermai sering diolah menjadi manisan. Perbesar cermainya. Coba ikuti satu alur di kulitnya, lalu putar untuk melihat alur lainnya!"
"jamblang","Jamblang","jamblang.mp3","Ada buah berwarna ungu sangat gelap. Kenalan dengan jamblang, yuk! Jamblang berbentuk lonjong kecil dan berwarna gelap saat matang. Daging buahnya berwarna putih keunguan. Rasanya manis, asam, dan sepat. Satu biji di tengah. Jamblang juga dikenal dengan nama duwet. Putar jamblangnya. Coba cari sisi yang terkena cahaya agar warna ungunya lebih terlihat!"
"jambu-bol","Jambu Bol","jambu-bol.mp3","Masih keluarga jambu, tetapi punya ciri sendiri. Ini jambu bol! Jambu bol memiliki bentuk membulat sampai agak lonjong. Dagingnya lebih tebal daripada jambu air. Daging buahnya berwarna putih. Rasanya manis ringan. Biasanya terdapat biji besar di tengah. Jambu bol memiliki aroma yang khas ketika matang. Putar jambu bolnya. Perhatikan bentuk dan warnanya. Apa bedanya dengan jambu air yang kamu kenal?"
"penutup","Penutup","penutup.mp3","Hore, hari ini kita sudah berkenalan dengan buah-buahan! Setiap buah punya bentuk, warna, dan ciri yang berbeda. Buah mana yang paling menarik perhatianmu? Ceritakan kepada orang di rumah, ya. Nanti kita bisa kembali untuk bertemu buah yang lain. Sampai jumpa di Kebun Buah Rinoya!"