bab,id,judul,paragraf,naskah,durasi_perkiraan_detik
1,persiapan,"Ada dunia di bawah sana",1,"Hai, teman penjelajah! Aku Agam. Dari atas kapal, laut terlihat seperti hamparan biru. Tapi... apa ya yang bersembunyi di bawahnya?",11
1,persiapan,"Ada dunia di bawah sana",2,"Hari ini kita akan mengunjungi taman karang, mencari hewan bercahaya, lalu menjelajahi salah satu tempat terdalam di Bumi. Kamu jadi teman pengamatku, ya!",13
1,persiapan,"Ada dunia di bawah sana",3,"Kita mulai di perairan dangkal bersama pemandu. Masker, tabung udara, dan sirip sudah diperiksa. Untuk laut dalam, kapal selam riset kita sudah menunggu. Ini petualangan virtual; menyelam sungguhan harus bersama pelatih.",16
2,masuk-laut,"Selamat datang, dunia biru",1,"Siap melihat dunia dari sisi yang berbeda? Tiga... dua... satu... byur! Wah, suara di sekitar kita berubah. Gelembung-gelembung kecil naik menuju permukaan.",12
2,masuk-laut,"Selamat datang, dunia biru",2,"Lihat ke atas. Matahari seperti menari di permukaan air! Cahayanya menembus ombak, lalu membentuk jaring terang di dasar yang berpasir.",11
2,masuk-laut,"Selamat datang, dunia biru",3,"Kita berenang pelan. Cukup melihat, tanpa menyentuh atau mengejar hewan. Semakin tenang kita, semakin banyak yang bisa kita amati.",11
3,terumbu-karang,"Kota kecil yang hidup",1,"Wah, ramai sekali! Ada karang bercabang, karang membulat, dan ikan-ikan kecil yang bergerak bersama. Rasanya seperti memasuki sebuah kota di bawah air.",12
3,terumbu-karang,"Kota kecil yang hidup",2,"Tebak, karang itu batu, tumbuhan, atau hewan? Jawabannya... hewan! Banyak karang tersusun dari hewan kecil bernama polip yang hidup berkelompok.",11
3,terumbu-karang,"Kota kecil yang hidup",3,"Lihat si oranye bergaris putih. Itu ikan badut, berlindung di antara tentakel anemon. Di dekatnya ada ikan biru berekor kuning. Coba ikuti dengan matamu.",13
3,terumbu-karang,"Kota kecil yang hidup",4,"Dan di atas kita, penyu hijau lewat dengan gerakan tenang. Rumah yang indah ini perlu kita jaga. Sirip dan tangan kita jangan sampai merusak karangnya, ya.",14
4,padang-lamun,"Kebun yang bergoyang",1,"Lihat kebun hijau yang melambai ini. Namanya padang lamun. Meski mirip rumput, lamun adalah tumbuhan berbunga yang hidup terendam di laut.",12
4,padang-lamun,"Kebun yang bergoyang",2,"Ssst... ada penghuni mungil yang bersembunyi. Kepalanya seperti kuda, ekornya melingkar. Betul, kuda laut! Ekornya bisa berpegangan agar tidak mudah terbawa arus.",12
4,padang-lamun,"Kebun yang bergoyang",3,"Di pasir, ada pari yang menyamarkan tubuhnya. Alam punya banyak cara untuk berlindung. Kita bisa menemukannya dengan mengamati bentuk dan gerakannya pelan-pelan.",12
5,batas-aman,"Naik kapal selam riset",1,"Sebelum melanjutkan lebih dalam, kita berganti kendaraan. Selamat datang di kapal selam riset! Duduk di depan jendela, lalu lihat lampu-lampu kecil di panelnya.",13
5,batas-aman,"Naik kapal selam riset",2,"Air menekan benda dari segala arah. Semakin dalam, semakin besar tekanannya. Karena itu, ekspedisi laut dalam memakai kendaraan yang dirancang khusus untuk kedalaman tujuan.",13
5,batas-aman,"Naik kapal selam riset",3,"Perjalanan kita merangkum berbagai habitat laut. Jarak dan waktunya dipersingkat, jadi ini bukan rute menyelam sungguhan. Pintu tertutup, lampu siap... ayo lanjut!",12
6,dinding-karang,"Di tepi dunia dangkal",1,"Dari jendela kapal, dasar laut mulai menurun seperti tebing. Karang menempel di dindingnya, dan kawanan barakuda melintas beriringan.",10
6,dinding-karang,"Di tepi dunia dangkal",2,"Di kejauhan, hiu karang bergerak dengan tenang. Hiu berperan dalam ekosistem laut. Kita mengamatinya dari jarak yang cukup, tanpa memberi makan atau mengganggunya.",13
6,dinding-karang,"Di tepi dunia dangkal",3,"Sekarang lihat ke arah biru yang lebih gelap. Setelah dinding ini, ruang terbuka yang luas sudah menanti. Siap bertemu penghuni berikutnya?",12
7,laut-biru,"Sayap di lautan",1,"Wuuush... seekor pari manta meluncur melewati jendela! Siripnya lebar dan bergerak seperti sayap. Padahal, manta adalah ikan.",10
7,laut-biru,"Sayap di lautan",2,"Di belakangnya, kawanan tuna melesat bersama. Bentuk tubuh yang ramping membantu mereka bergerak di air. Bandingkan dengan ubur-ubur yang melayang perlahan.",12
7,laut-biru,"Sayap di lautan",3,"Ada yang cepat, ada yang tenang. Bentuk tubuh dan cara bergerak tiap hewan cocok dengan kehidupannya. Laut bukan hanya tempat tinggal; laut juga penuh cara hidup yang berbeda.",15
8,makin-redup,"Ke mana perginya warna?",1,"Perhatikan jendela kita. Birunya semakin gelap, ya? Air menyerap cahaya matahari sedikit demi sedikit. Cahaya merah terserap lebih cepat daripada cahaya biru.",12
8,makin-redup,"Ke mana perginya warna?",2,"Benda yang tampak merah di permukaan bisa terlihat gelap di sini. Kita nyalakan lampu kapal... nah, warnanya tampak lagi!",11
8,makin-redup,"Ke mana perginya warna?",3,"Itu cumi-cumi yang melintas! Kita akan segera melewati dua ratus meter. Setelah ini, sinar matahari tinggal sedikit. Apa yang akan membantu hewan mencari makan?",13
9,zona-senja,"Lampu-lampu mungil",1,"Selamat datang di zona senja. Bukan karena sekarang sore, tetapi karena cahaya matahari di kedalaman ini sangat redup.",10
9,zona-senja,"Lampu-lampu mungil",2,"Lihat titik-titik terang yang bergerak bersama. Itu ikan lentera. Banyak hewan laut menghasilkan cahaya melalui reaksi kimia di tubuhnya, atau dengan bantuan bakteri.",13
9,zona-senja,"Lampu-lampu mungil",3,"Cahaya dapat membantu hewan berkomunikasi, mencari makanan, atau menyamarkan diri. Seperti pesan rahasia di tengah gelap!",9
9,zona-senja,"Lampu-lampu mungil",4,"Sebagian penghuni zona ini naik mendekati permukaan saat malam untuk mencari makan, lalu turun lagi pada siang hari. Laut punya perjalanan hariannya sendiri.",13
10,bioluminesensi,"Bintang tanpa langit",1,"Kita melewati seribu meter. Cahaya matahari sudah tidak sampai ke sini. Tapi tunggu... gelap bukan berarti kosong.",10
10,bioluminesensi,"Bintang tanpa langit",2,"Di depan ada ikan pemancing. Umpan kecil di atas kepalanya bercahaya untuk menarik mangsa. Cahaya yang dibuat makhluk hidup disebut bioluminesensi. Panjang namanya, ajaib kemampuannya!",13
10,bioluminesensi,"Bintang tanpa langit",3,"Dan itu hewan sisir yang berkilau pelangi saat terkena lampu. Kilau pelanginya berasal dari cahaya yang dihamburkan barisan rambut kecilnya. Jadi, tidak semua kilau berarti membuat cahaya sendiri.",15
10,bioluminesensi,"Bintang tanpa langit",4,"Kita lihat dengan tenang. Bentuk mereka mungkin tidak biasa bagi kita, tetapi setiap bentuk membantu mereka hidup di rumah yang gelap ini.",12
11,ventilasi,"Oasis di dasar laut",1,"Lihat cerobong batu di depan! Dari dalamnya keluar cairan panas yang kaya mineral. Saat bertemu air laut dingin, mineralnya membentuk gumpalan gelap mirip asap.",13
11,ventilasi,"Oasis di dasar laut",2,"Tempat ini disebut ventilasi hidrotermal. Bukan api yang menyala di dalam air, ya. Panas dari dalam Bumi memanaskan cairan yang keluar dari celah dasar laut.",13
11,ventilasi,"Oasis di dasar laut",3,"Aneh tapi nyata: di sekitar sini ada kehidupan tanpa mengandalkan cahaya matahari langsung. Mikroba memanfaatkan energi dari zat kimia untuk membuat makanan.",12
11,ventilasi,"Oasis di dasar laut",4,"Kumpulan cacing tabung, kepiting, dan udang menjadi bagian dari komunitas ini. Di tengah laut yang gelap, kita menemukan sebuah oasis kehidupan!",12
12,dataran-abisal,"Salju yang bukan es",1,"Angka kedalaman sudah melewati empat ribu meter. Di depan kita terbentang dasar laut yang luas dan tenang. Inilah suasana dataran abisal.",12
12,dataran-abisal,"Salju yang bukan es",2,"Coba lihat butiran kecil yang turun di depan lampu. Seperti salju, ya? Ini salju laut: serpihan bahan organik dan partikel yang tenggelam dari lapisan di atas.",14
12,dataran-abisal,"Salju yang bukan es",3,"Sebagian serpihan itu menjadi makanan bagi penghuni laut dalam. Jadi, kehidupan dekat permukaan terhubung dengan kehidupan jauh di bawah.",11
12,dataran-abisal,"Salju yang bukan es",4,"Di dasar, ikan tripod bertumpu pada sirip panjangnya. Teripang merayap pelan, mencari makanan di sedimen. Tak perlu terburu-buru; kita amati bersama.",12
13,palung-laut,"Gerbang laut terdalam",1,"Dua dinding gelap muncul di kiri dan kanan. Kita memasuki palung, cekungan panjang yang sangat dalam di dasar laut.",11
13,palung-laut,"Gerbang laut terdalam",2,"Di bawah enam ribu meter, kita menyebut wilayah ini zona hadal. Tekanannya sangat besar, airnya dingin, dan tidak ada sinar matahari.",12
13,palung-laut,"Gerbang laut terdalam",3,"Kapal khusus dan robot riset membantu ilmuwan menjelajah tempat seperti ini. Kita mendekat perlahan, supaya sedimen tidak menutupi pandangan. Masih adakah hewan di sini?",13
14,biota-palung,"Penghuni yang tangguh",1,"Ada! Lihat ikan pucat yang berenang pelan itu. Ini contoh ikan siput hadal. Mereka memiliki berbagai penyesuaian tubuh untuk hidup di bawah tekanan tinggi.",13
14,biota-palung,"Penghuni yang tangguh",2,"Pada tahun dua ribu dua puluh tiga, peneliti merekam ikan siput di kedalaman delapan ribu tiga ratus tiga puluh enam meter, di sebuah palung dekat Jepang. Penemuan yang luar biasa!",16
14,biota-palung,"Penghuni yang tangguh",3,"Tapi itu tidak berarti ikan hidup sampai titik paling dalam. Semakin ke bawah, penghuni yang kita temukan bisa berbeda. Ada amfipoda, hewan kecil mirip udang, yang mencari makanan di dasar.",16
15,challenger-deep,"Hampir sebelas kilometer",1,"Lihat meteran kedalaman kita... hampir sebelas ribu meter! Dalam perjalanan virtual ini, kita mengunjungi Challenger Deep di Palung Mariana, Samudra Pasifik.",12
15,challenger-deep,"Hampir sebelas kilometer",2,"Kedalamannya sekitar sepuluh ribu sembilan ratus tiga puluh lima meter. Bayangkan hampir sebelas kilometer air berada di atas kapal kita!",11
15,challenger-deep,"Hampir sebelas kilometer",3,"Di tempat ini, kita tidak menampilkan ikan. Pengamatan ilmiah menemukan kehidupan seperti mikroba dan hewan tak bertulang belakang di lingkungan laut terdalam.",12
15,challenger-deep,"Hampir sebelas kilometer",4,"Sunyi, luas, dan masih menyimpan banyak pertanyaan. Kita sudah sampai sangat jauh, tetapi para ilmuwan terus belajar. Siapa tahu, suatu hari kamu ikut menemukan jawabannya.",13
16,misi-selesai,"Buku penemuan kita",1,"Tos, teman penjelajah! Kita sudah bertemu kota karang, kebun lamun, hewan bercahaya, dan kehidupan di palung laut.",10
16,misi-selesai,"Buku penemuan kita",2,"Sekarang pilih penemuan favoritmu. Apakah karang yang ternyata hewan? Ikan yang membawa lampu? Atau makanan yang turun seperti salju?",11
16,misi-selesai,"Buku penemuan kita",3,"Kamu boleh mengulang setiap bagian dan mengamati hewannya lebih dekat. Penjelajah yang hebat selalu punya pertanyaan baru.",10
17,ringkasan,"Bawa rasa ingin tahu pulang",1,"Kita kembali ke cahaya. Ingat perubahan yang tadi kita lihat: terang di dekat permukaan, redup di zona senja, lalu gelap di laut dalam.",13
17,ringkasan,"Bawa rasa ingin tahu pulang",2,"Tempat yang berbeda punya penghuni dan cara hidup yang berbeda. Tidak semua hewan ada di semua kedalaman. Itulah yang membuat laut begitu menarik.",13
17,ringkasan,"Bawa rasa ingin tahu pulang",3,"Menjaga laut bisa dimulai dari rumah: kurangi sampah, gunakan kembali barang yang masih baik, dan jangan membuang sampah ke sungai atau laut.",12
17,ringkasan,"Bawa rasa ingin tahu pulang",4,"Terima kasih sudah menjelajah bersamaku. Aku Agam. Sampai bertemu di penemuan berikutnya!",7
